名前,ウェブサイト,距離と料理の種類,スローガン,評価,昼間の料金,夜間の料金
アレグロ,https://tabelog.com/tokyo/A1302/A130202/13109255/,日本橋駅 212m / イタリアン、ワインバー、居酒屋,日本橋駅徒歩1分❗️『A5ランク宮崎牛』✖『骨太ワイン』を堪能❗️～120名貸切OK❗️,3.43,"￥1,000～￥1,999","￥6,000～￥7,999"
うすけぼー 昭和通日本橋店,https://tabelog.com/tokyo/A1302/A130202/13051482/,日本橋駅 327m / ダイニングバー、居酒屋、洋食,【宴会コースは全て個別盛り】希少なウィスキー多数ご用意！完全個室多数あります。ご予約承り中,3.28,～￥999,"￥5,000～￥5,999"
全席個室 鮮や一夜  八重洲店,https://tabelog.com/tokyo/A1302/A130202/13028364/,日本橋駅 351m / 居酒屋、海鮮、天ぷら,各種宴会予約受付中！駅徒歩３分！各種宴会コースは4300円～♪最大36名様迄◎個室有！,3.06,-,"￥3,000～￥3,999"
焼鳥 くふ楽 銀座総本店,https://tabelog.com/tokyo/A1302/A130202/13033926/,宝町駅 205m / 焼き鳥、居酒屋、日本酒バー,美味い焼鳥と美味い酒をここ銀座・京橋にて。,3.28,-,"￥6,000～￥7,999"
個室で味わう彩り和食 和が家 東京駅八重洲店,https://tabelog.com/tokyo/A1302/A130202/13166734/,日本橋駅 304m / 居酒屋、焼き鳥、もつ鍋,★本日個室空きあり★東京駅徒歩３分！個室は2〜50名様まで可♪宴会コースは3800円〜♪,3.09,"￥2,000～￥2,999","￥3,000～￥3,999"
鮨とおでん＆ 日本橋室町店,https://tabelog.com/tokyo/A1302/A130202/13306312/,三越前駅 107m / 居酒屋、寿司、おでん,【3/7OPEN!!】本気の鮨とおでんを楽しめる隠れ家居酒屋。自慢の一品を心ゆくまで堪能,3.1,"￥1,000～￥1,999","￥5,000～￥5,999"
貝舞達 八重洲本店,https://tabelog.com/tokyo/A1302/A130202/13289192/,日本橋駅 255m / 居酒屋,【店名通り”貝”に自信あり】厳選食材をお届け◎毎日が新鮮！鮮度抜群の厳選食材！,3.04,"￥3,000～￥3,999","￥4,000～￥4,999"
寿司海路 日本橋店,https://tabelog.com/tokyo/A1302/A130202/13308976/,新日本橋駅 271m / 寿司,新日本橋駅2分■職人が握る江戸前寿司を上質な日本酒と共に。清潔感溢れる和空間で気軽に堪能,3.07,"￥6,000～￥7,999","￥8,000～￥9,999"
完全個室居酒屋 茶屋 日本橋,https://tabelog.com/tokyo/A1302/A130202/13270694/,日本橋駅 188m / 居酒屋、海鮮、焼き鳥,"東京駅3分・日本橋駅1分★大人の為の隠れ家居酒屋★3時間飲み放題×創彩和食⇒4,000円～",3.09,"￥2,000～￥2,999","￥3,000～￥3,999"
和食日和 おさけと 日本橋,https://tabelog.com/tokyo/A1302/A130202/13258001/,日本橋駅 147m / 日本料理、海鮮、居酒屋,【日本橋駅直結】個室/半個室 完備！美味しい和食と日本酒ラバーの集う大人の空間が誕生。,3.29,"￥1,000～￥1,999","￥8,000～￥9,999"
魚盛 コレド室町テラス店,https://tabelog.com/tokyo/A1302/A130202/13237498/,新日本橋駅 177m / 居酒屋、海鮮、日本酒バー,【個室完備】三越前駅直結。名物！【本まぐろ】はみだし鉄火巻き！,3.3,"￥1,000～￥1,999","￥3,000～￥3,999"
新日本橋中華 龍龍龍龍 TETSU,https://tabelog.com/tokyo/A1302/A130202/13288470/,新日本橋駅 83m / 中華料理、居酒屋、餃子,【新日本橋駅2分】素材の旨味を活かした本格中華コースで忘新年会を◎半個室団体利用・貸切歓迎,3.34,"￥1,000～￥1,999","￥5,000～￥5,999"
魚吉 東京店,https://tabelog.com/tokyo/A1302/A130202/13299393/,京橋駅 230m / 居酒屋、海鮮、焼き鳥,【東京徒歩3分】8月17日堂々OPEN！牛タン肉寿司など飲み放題3H飲み放題コースが超お得,3.13,～￥999,"￥3,000～￥3,999"
九州地鶏 個室 地鶏匠 八重洲日本橋店,https://tabelog.com/tokyo/A1302/A130202/13255302/,日本橋駅 179m / 居酒屋、焼き鳥、海鮮,"★本日個室空きあり★日本橋駅至近！完全個室！3時間飲み放題×九州地鶏⇒4,500円～",3.09,"￥1,000～￥1,999","￥3,000～￥3,999"
鮨 博多まつもと 八重洲店,https://tabelog.com/tokyo/A1302/A130202/13274813/,日本橋駅 288m / 寿司、日本料理、海鮮,ミシュランガイド2年連続星獲得 赤坂 鮨 まつもとから唯一暖簾分けを許された博多まつもとが出店,3.45,"￥6,000～￥7,999","￥15,000～￥19,999"
でですけ サイゴンキッチン,https://tabelog.com/tokyo/A1302/A130202/13208649/,三越前駅 69m / ベトナム料理、居酒屋、アジア・エスニック,【銀座線三越前徒歩1分】本格ベトナムバル！飲み放題にはスパークリングワインもついて超お得◎,3.48,"￥1,000～￥1,999","￥4,000～￥4,999"
京橋 天冨良と鮨 いしい,https://tabelog.com/tokyo/A1302/A130202/13290547/,京橋駅 195m / 天ぷら、寿司,【個室完備】四季折々日本料理と寿司の会席9800円より。 お昼限定会席は4500円より。,3.32,"￥4,000～￥4,999","￥10,000～￥14,999"
かっちん屋 焼とり 焼とん 焼ぎゅう,https://tabelog.com/tokyo/A1302/A130202/13292491/,宝町駅 232m / 串焼き、居酒屋、焼き鳥,安くて美味しいアットホームな居酒屋!飲み放題付きコースが登場♪少人数～貸切宴会も歓迎◎,3.08,-,"￥2,000～￥2,999"
和食日和 おさけと 京橋,https://tabelog.com/tokyo/A1302/A130202/13300411/,京橋駅 238m / 日本料理、海鮮、居酒屋,【京橋TODAビルディング】「京橋彩区」そこは芸術と文化が交錯する新しい街＜個室完備＞,3.11,"￥1,000～￥1,999","￥8,000～￥9,999"
日本橋　本陣房,https://tabelog.com/tokyo/A1302/A130202/13097926/,日本橋駅 215m / そば、日本料理、日本酒バー,"【八重洲口3分】名店""本陣房""の蕎麦を日本橋で◆接待にも嬉しい個室ございます",3.46,"￥1,000～￥1,999","￥8,000～￥9,999"
個室居酒屋 越の誉 日本橋店,https://tabelog.com/tokyo/A1302/A130202/13294393/,三越前駅 77m / 居酒屋、海鮮、焼き鳥,【NEWOPEN】三越前駅1分◆完全個室で味わう、季節の厳選食材が織りなす創作料理。,3.09,-,"￥3,000～￥3,999"
焼肉GROW,https://tabelog.com/tokyo/A1302/A130202/13181252/,日本橋駅 248m / 焼肉、ホルモン、ステーキ,日本橋の隠れ家焼肉店で豊富な肉寿司と極上Ａ5和牛を味わい尽くす。,3.48,"￥1,000～￥1,999","￥8,000～￥9,999"
鍛冶町 銀座豊か,https://tabelog.com/tokyo/A1302/A130202/13298562/,新日本橋駅 236m / 寿司,時代を拓く話題の新名店20選に選出！ 【新日本橋駅A1、A2出口、神田駅南口徒分2分】,3.31,"￥20,000～￥29,999","￥20,000～￥29,999"
メザニーン,https://tabelog.com/tokyo/A1302/A130202/13102589/,新日本橋駅 130m / フレンチ、ビストロ、イノベーティブ,【三越前駅直結】銀座レカン出身の出口シェフによる次世代フレンチを愉しめる贅沢空間,3.51,"￥6,000～￥7,999","￥15,000～￥19,999"
日本橋 1ppon,https://tabelog.com/tokyo/A1302/A130202/13240280/,新日本橋駅 215m / イタリアン、居酒屋、肉バル,駅近!!三越前駅4分・神田駅3分シャンパン飲み放題まで堪能できる一軒家大人イタリアン,3.28,"￥1,000～￥1,999","￥6,000～￥7,999"
日本橋 本陣房 はなれ,https://tabelog.com/tokyo/A1302/A130202/13253177/,日本橋駅 212m / そば、居酒屋、海鮮,【日本橋駅1分・東京駅3分】蕎麦の名店「本陣房」のはなれがオープン！個室完備・換気◎,3.38,～￥999,"￥6,000～￥7,999"
名物家 東京店,https://tabelog.com/tokyo/A1302/A130202/13299392/,京橋駅 230m / 居酒屋、焼き鳥、牛タン,【8/17ニューオープン東京・京橋駅近】最高鮮度の海鮮と各地の日本酒と牛タンと創作和食,3.03,～￥999,"￥3,000～￥3,999"
美酒美肴 おてんとさん 日本橋店,https://tabelog.com/tokyo/A1302/A130202/13273296/,新日本橋駅 177m / 居酒屋、日本酒バー、海鮮,三越前駅すぐ◆完全個室×100種以上の日本酒×鮮魚料理でおもてなし◎お一人様やご宴会も◎,3.32,"￥1,000～￥1,999","￥4,000～￥4,999"
全席個室 楽蔵うたげ  八重洲店,https://tabelog.com/tokyo/A1302/A130202/13056226/,東京駅 350m / 居酒屋、焼き鳥、鍋,【全席個室】東京駅徒&日本橋駅徒歩3分｜接待・会食・宴会に｜ 飲み放題付きコース4300円～,3.08,-,"￥4,000～￥4,999"
Che Voglia!  三越前コレド室町1,https://tabelog.com/tokyo/A1302/A130202/13117739/,三越前駅 102m / イタリアン、ピザ、パスタ,歓送迎会、懇親会の団体様のご予約が増えてます！お早めのご連絡お待ちしております！,3.48,"￥2,000～￥2,999","￥4,000～￥4,999"
釣宿酒場マヅメ 日本橋店,https://tabelog.com/tokyo/A1302/A130202/13269910/,日本橋駅 335m / 居酒屋、海鮮、寿司,大好評!どん安ドリンク!飲めば飲むほどお得なドリンク!毎日産直のお刺身が食べられまdす!,3.35,～￥999,"￥2,000～￥2,999"
串亭 日本橋三越前,https://tabelog.com/tokyo/A1302/A130202/13117448/,三越前駅 130m / 居酒屋、海鮮、串揚げ,【三越前駅直結コレド室町1-4階】絶賛！夏の新串展開中です！,3.33,"￥1,000～￥1,999","￥6,000～￥7,999"
ZION イタリアン＆スペイン 八重洲南口店,https://tabelog.com/tokyo/A1302/A130202/13280511/,宝町駅 160m / イタリアン、スペイン料理、居酒屋,～東京駅 八重洲南口から真っ直ぐ京橋方面へ早歩き 徒歩7分～ 宝町、京橋駅からはすぐです。,3.21,～￥999,"￥4,000～￥4,999"
A4和牛と厳選日本酒 個室居酒屋 おすすめ酒場 日本橋店,https://tabelog.com/tokyo/A1302/A130202/13302014/,三越前駅 30m / 居酒屋、鍋、肉料理,【10月10日OPEN】三越駅前徒歩1分◎和牛と日本酒なら当店におまかせください！,3,～￥999,"￥3,000～￥3,999"
雪園 京橋店,https://tabelog.com/tokyo/A1302/A130202/13002264/,京橋駅 143m / 中華料理、創作料理、海鮮,東京銀座のオフィス街に佇む一軒家中華レストランでシェフが目利きした至高の食材を五感で愉しむ,3.47,"￥1,000～￥1,999","￥6,000～￥7,999"
個室中華 頤和園 京橋店,https://tabelog.com/tokyo/A1302/A130202/13205123/,京橋駅 57m / 中華料理、飲茶・点心、担々麺,"土日祝日が得！北京ダック等7品入りコース 3,980円",3.5,"￥1,000～￥1,999","￥10,000～￥14,999"
シュマッツ 日本橋髙島屋 S.C.,https://tabelog.com/tokyo/A1302/A130202/13225175/,日本橋駅 128m / ビアホール、バル、居酒屋,◆日本橋高島屋S.C新館7階◆ 東京駅 八重洲口徒歩5分！日本橋駅直結！,3.26,"￥1,000～￥1,999","￥3,000～￥3,999"
大衆焼き鳥・うなぎ 幸の鳥 うなぎのぼり,https://tabelog.com/tokyo/A1302/A130202/13259309/,日本橋駅 313m / 居酒屋、焼き鳥、うなぎ,さくら通り桜見えます【八重洲北口1分】東京駅・日本橋駅すぐ｜焼き鳥とうなぎ串|電話予約OK,3.39,-,"￥3,000～￥3,999"
炭火地鶏 個室居酒屋 地鶏雛丸 東京駅八重洲店,https://tabelog.com/tokyo/A1302/A130202/13271815/,日本橋駅 254m / 居酒屋、焼き鳥、もつ鍋,"当日予約OK★東京駅八重洲3分♪3時間飲み放題×本格地鶏⇒4,000円～【本格地鶏を嗜む】",3.09,"￥2,000～￥2,999","￥3,000～￥3,999"
みなと屋第1 はなれ,https://tabelog.com/tokyo/A1302/A130202/13298374/,日本橋駅 289m / 寿司、焼き鳥、居酒屋,【日本橋駅1分】職人の技が冴える江戸前寿司や地鶏の焼き鳥。寛ぎの和空間は、ご宴会や接待◎,3.1,-,"￥5,000～￥5,999"
博多串焼き 野菜巻き 個室居酒屋 繁花 東京駅八重洲店,https://tabelog.com/tokyo/A1302/A130202/13309763/,日本橋駅 307m / 居酒屋、焼き鳥、海鮮,,3.08,"￥3,000～￥3,999","￥4,000～￥4,999"
全席個室 ウメ子の家  日本橋八重洲店,https://tabelog.com/tokyo/A1302/A130202/13035566/,日本橋駅 276m / 居酒屋,各種宴会予約受付中！東京駅八重洲北口徒歩3分！宴会最大36名様！コース4000円～！,3.06,-,"￥4,000～￥4,999"
個室居酒屋 鳥将,https://tabelog.com/tokyo/A1302/A130202/13252740/,東京駅 361m / 居酒屋、ダイニングバー、焼き鳥,東京駅 徒歩4分!!完全個室×彩り和食 ◆2名様～80名様まで個室有!!貸切宴会も◎,3,"￥3,000～￥3,999","￥4,000～￥4,999"
北海道料理 海鮮と日本酒居酒屋 羽根川 日本橋,https://tabelog.com/tokyo/A1302/A130202/13211100/,日本橋駅 205m / 居酒屋、焼き鳥、海鮮,【本日個室空き有】日本橋1分/東京駅3分！個室は2〜80名様まで★3Hコース4000円〜♪,3.15,"￥2,000～￥2,999","￥3,000～￥3,999"
全席個室 紀州備長炭 炭焼き地鶏 佐藤 日本橋店,https://tabelog.com/tokyo/A1302/A130202/13261278/,三越前駅 74m / 居酒屋、焼き鳥、海鮮,週末は予約必須！三越前徒歩30秒！駅を出てすぐという最高の立地です！,3.1,-,"￥3,000～￥3,999"
Focacceria la Brianza,https://tabelog.com/tokyo/A1302/A130202/13226416/,日本橋駅 130m / イタリアン、パスタ、ピザ,日本橋駅高島屋新館６F♦ブリアンツァ代表奥野が愛したフォカッチャ・ディ・レッコと日本酒新政,3.49,"￥2,000～￥2,999","￥6,000～￥7,999"
近江うし焼肉 にくTATSU 日本橋室町店,https://tabelog.com/tokyo/A1302/A130202/13295208/,新日本橋駅 177m / 焼肉、ステーキ、居酒屋,"銀座線三越前駅直結徒歩２分 全席個室の近江うし焼肉 ""trust&treat""信頼とご褒美を！",3.5,"￥3,000～￥3,999","￥8,000～￥9,999"
東京焼肉 一頭や コレド室町テラス店,https://tabelog.com/tokyo/A1302/A130202/13238432/,新日本橋駅 170m / 焼肉、ステーキ、居酒屋,創業1970年の和牛焼肉平城苑が『松阪牛』を気軽に楽しむをコンセプトの新業態をプロデュース,3.5,"￥1,000～￥1,999","￥8,000～￥9,999"
完全個室居酒屋 椿 日本橋店,https://tabelog.com/tokyo/A1302/A130202/13264583/,日本橋駅 179m / 居酒屋、焼き鳥、もつ鍋,"【日本橋駅1分】3時間飲み放題×海鮮番屋⇒3,800円～《扉付完全個室》2名様～ご用意♪",3.09,"￥2,000～￥2,999","￥3,000～￥3,999"
炭火焼鳥専門 全席個室居酒屋 吟八 日本橋店,https://tabelog.com/tokyo/A1302/A130202/13261279/,三越前駅 77m / 居酒屋、焼き鳥、海鮮,全席完全個室♪三越前徒歩30秒！駅を出てすぐという最高の立地です！,3.09,-,"￥3,000～￥3,999"
日本酒と串焼き みなと屋 第1 八重洲店,https://tabelog.com/tokyo/A1302/A130202/13155446/,日本橋駅 287m / 焼き鳥、居酒屋、日本酒バー,【日本橋駅1分】全国の銘酒と旨い肴を愉しむ大人のための和風居酒屋◆日本酒飲み放題コースあり,3.42,"￥4,000～￥4,999","￥5,000～￥5,999"
韓国料理 土火土火,https://tabelog.com/tokyo/A1302/A130202/13027629/,日本橋駅 270m / 韓国料理、焼肉、居酒屋,【日本橋駅2分/完全個室】大人の隠れ家で絶品韓国料理♪本格派の多彩な料理をリーズナブルに◎,3.23,"￥1,000～￥1,999","￥4,000～￥4,999"
SOYA,https://tabelog.com/tokyo/A1302/A130202/13112210/,銀座駅 592m / イタリアン、パスタ、ワインバー,古民家空間に包まれ、旬の恵みと自然派ワインに酔うイタリアン,3.41,-,"￥8,000～￥9,999"
和食日和 おさけと 日本橋三越前,https://tabelog.com/tokyo/A1302/A130202/13292233/,新日本橋駅 177m / 日本料理、海鮮、居酒屋,【三越前駅直結】「寛ぎの別邸」そこは誰にも教えたくない大人の社交場＜個室・半個室完備＞,3.2,"￥2,000～￥2,999","￥10,000～￥14,999"
和食 炭とけむり 日本橋八重洲店,https://tabelog.com/tokyo/A1302/A130202/13285896/,日本橋駅 304m / 居酒屋、海鮮、焼き鳥,ニューオープン♪宴会は当店『 炭とけむり 八重洲日本橋店 』へ♪分煙にて喫煙可（紙たばこOK）,3.26,～￥999,"￥3,000～￥3,999"
北に昇がる,https://tabelog.com/tokyo/A1302/A130202/13290971/,新日本橋駅 229m / 居酒屋,【新日本橋駅・神田駅3分】富山県氷見の放牧豚を美味しく食べることに特化した豚肉専門店,3.07,"￥1,000～￥1,999","￥8,000～￥9,999"
完全個室 喜楽酒場 絆,https://tabelog.com/tokyo/A1302/A130202/13270693/,日本橋駅 190m / 居酒屋、焼き鳥、海鮮,"本日個室空席あり★3時間飲み放題×創彩和食⇒4,000円～/2H飲み放題1,500円",3.09,-,"￥2,000～￥2,999"
楽福居 餃子酒場 三越前店,https://tabelog.com/tokyo/A1302/A130202/13294785/,新日本橋駅 108m / 中華料理、餃子、居酒屋,新日本橋駅すぐ◆本場中華料理を食べ飲み放題で満喫◎ランチ・ディナーOK！団体様・宴会歓迎♪,3.1,～￥999,"￥3,000～￥3,999"
全席個室 夢や京町しずく 八重洲店,https://tabelog.com/tokyo/A1302/A130202/13104843/,東京駅 344m / 居酒屋、海鮮、焼き鳥,ご宴会予約受付中！八重洲北口徒歩2分★完全個室★２H飲放題付コース4300円～,3.09,-,"￥3,000～￥3,999"
四季彩 八重洲店,https://tabelog.com/tokyo/A1302/A130202/13274520/,東京駅 341m / 居酒屋、海鮮、焼き鳥,【東京駅21番出口徒歩10秒】九州料理と鮮魚・拘りの地酒の個室居酒屋 │インボイス対応店◎,3.3,"￥3,000～￥3,999","￥4,000～￥4,999"
はなこま 東京駅前店 別邸,https://tabelog.com/tokyo/A1302/A130202/13284370/,日本橋駅 308m / 居酒屋、海鮮、おでん,【日本橋駅徒歩2分】おでんや比内地鶏の多彩な地鶏料理、炉端焼きがウリです。2H飲み放題も！,3.08,～￥999,"￥3,000～￥3,999"
モダン懐石 やまかわ,https://tabelog.com/tokyo/A1302/A130202/13308318/,三越前駅 129m / 日本料理,【三越前駅1分】伝統技術と現代の感性が響き合う、新たな一皿。旬を極めたモダン懐石の粋を堪能,3.05,"￥1,000～￥1,999","￥8,000～￥9,999"
全席個室 湊一や 日本橋八重洲店,https://tabelog.com/tokyo/A1302/A130202/13100202/,日本橋駅 245m / 居酒屋、海鮮、鍋,各種ご宴会予約受付中！東京駅八重洲北口徒歩３分！各種ご宴会コースは4300円～♪,3.08,-,"￥4,000～￥4,999"
奏す庵,https://tabelog.com/tokyo/A1302/A130202/13271711/,三越前駅 181m / かつ丼、とんかつ,三越前駅直結◆福井の美味しいおつまみと地酒、看板メニューのワセカツ丼を満喫！団体利用歓迎◎,3.47,"￥1,000～￥1,999","￥3,000～￥3,999"
マンダリンバー,https://tabelog.com/tokyo/A1302/A130202/13020363/,三越前駅 200m / バー、ワインバー、日本酒バー,5つ星ホテルのバー カジュアルシーンもお気軽に。他レストランのアラカルトも贅沢に楽しめる,3.65,"￥4,000～￥4,999","￥5,000～￥5,999"
やきとん 八十五 京橋店,https://tabelog.com/tokyo/A1302/A130202/13274790/,京橋駅 169m / 居酒屋、焼き鳥、もつ焼き,京橋駅1分・席数110席に拡大！絶品のやきとんが1本120円〜♪35～60名様まで貸切可◎,3.41,～￥999,"￥2,000～￥2,999"
広東料理 センス,https://tabelog.com/tokyo/A1302/A130202/13020361/,三越前駅 199m / 中華料理、飲茶・点心,東京スカイツリーを借景にする、広東料理「センス」,3.96,"￥8,000～￥9,999","￥15,000～￥19,999"
B by The Brooklyn Brewery,https://tabelog.com/tokyo/A1302/A130202/13244127/,茅場町駅 313m / ビアバー、メキシコ料理、ダイニングバー,日本橋・茅場町駅4分◆ビールづくりの町ブルックリンの傑作クラフトビールをお楽しみください。,3.56,"￥1,000～￥1,999","￥3,000～￥3,999"
仙台牛タンと旨とろ馬刺し 個室居酒屋 万福 東京駅八重洲店,https://tabelog.com/tokyo/A1302/A130202/13309772/,日本橋駅 307m / 居酒屋、日本料理、焼き鳥,"【夜景個室×牛タン×馬刺し】ゆったり3時間飲み放題付きコース4,980円～!!",,"￥3,000～￥3,999","￥4,000～￥4,999"
鶴の家,https://tabelog.com/tokyo/A1302/A130202/13073523/,日本橋駅 346m / 日本料理,100年以上の歴史をもつ老舗店◆季節を感じられる板長自慢の割烹料理を肩肘張らずに。個室完備,3.3,"￥1,000～￥1,999","￥8,000～￥9,999"
京橋 寿司 ひさ田,https://tabelog.com/tokyo/A1302/A130202/13276775/,京橋駅 78m / 寿司、日本料理、居酒屋,静謐なカウンターと贅沢な個室で妙技に酔う正統派江戸前鮨。おまかせコースは8800円より,3.37,"￥4,000～￥4,999","￥8,000～￥9,999"
東京 京橋 蟹ひで,https://tabelog.com/tokyo/A1302/A130202/13306018/,京橋駅 97m / かに、日本料理、鍋,【職人技が光る極上の一皿】蟹会席コースは9000円より 四季の恵みを堪能し贅沢なひとときを。,3.1,"￥4,000～￥4,999","￥10,000～￥14,999"
鮨うら山 日本橋,https://tabelog.com/tokyo/A1302/A130202/13251179/,日本橋駅 40m / 寿司、日本料理,東京メトロ銀座線、東西線、都営地下鉄浅草線「日本橋」駅直結白木を基調とした和モダンなお店,3.37,"￥4,000～￥4,999","￥10,000～￥14,999"
パエリア専門店ミゲルフアニ東京 日本橋店,https://tabelog.com/tokyo/A1302/A130202/13225419/,日本橋駅 116m / スペイン料理、バル、イタリアン,パエリア国際コンテストで世界一に輝いたスペイン・バレンシアで人気のパエリア専門店！,3.36,"￥1,000～￥1,999","￥4,000～￥4,999"
京都石塀小路豆ちゃ 日本橋,https://tabelog.com/tokyo/A1302/A130202/13158059/,日本橋駅 34m / 日本料理、海鮮、居酒屋,【個室あり／日本橋駅直結】和モダンな空間、手間ひま掛けて作られた京おばんざいを楽しめる和食,3.37,"￥1,000～￥1,999","￥4,000～￥4,999"
LOBBY LOUNGE 東京 HIBIYA BAR,https://tabelog.com/tokyo/A1302/A130202/13230389/,京橋駅 54m / ダイニングバー、バル、バー,駅直結♪京橋エドグラン3F(京橋駅1分/東京駅5分)★完全個室4名様〜電話予約で受付中★,3.27,-,"￥4,000～￥4,999"
馬刺しと博多天神もつ鍋 本格九州料理 個室居酒屋 京桜 八重洲店,https://tabelog.com/tokyo/A1302/A130202/13276943/,日本橋駅 201m / 居酒屋、ダイニングバー,2時間飲み放題｜当店名物！宮崎県産あじ豚の炭火ゴロ焼きなど含む全8品『紫陽花コース』,3,"￥4,000～￥4,999","￥4,000～￥4,999"
BOMBAY SIZZLERS,https://tabelog.com/tokyo/A1302/A130202/13263306/,京橋駅 162m / インド料理、インドカレー、アジア・エスニック,【京橋駅直結】◆百名店に選出されたボンベイが贈る、新感覚モダンインディアン,3.49,"￥1,000～￥1,999","￥3,000～￥3,999"
THE R.C. GATE 八重洲店,https://tabelog.com/tokyo/A1302/A130202/13276554/,日本橋駅 322m / バル、居酒屋、ビアバー,【東京駅日本橋口1分】ブリティッシュパブで本場を感じるクラフトビール＆料理,3.29,"￥1,000～￥1,999","￥3,000～￥3,999"
築地 十干 京橋店,https://tabelog.com/tokyo/A1302/A130202/13235521/,京橋駅 109m / 居酒屋、寿司、海鮮,東京メトロ 京橋駅直結◆毎朝築地で仕入れる鮮魚を使った逸品を厳選地酒とともに堪能。,3.36,"￥1,000～￥1,999","￥3,000～￥3,999"
鳥虜 八重洲本店,https://tabelog.com/tokyo/A1302/A130202/13287586/,日本橋駅 197m / 居酒屋、ダイニングバー、焼き鳥,インボイス対応！東京駅＆日本橋駅近の完全個室居酒屋！ 炭火野菜巻きと焼き鳥が美味い店！,3,"￥3,000～￥3,999","￥3,000～￥3,999"
焼肉Nikushin 八重洲店,https://tabelog.com/tokyo/A1302/A130202/13252668/,東京駅 372m / 焼肉、ホルモン、居酒屋,■東京駅徒歩3分■国産黒毛和牛のステーキなど選りすぐりのお肉をリーズナブルにご提供,3.18,"￥1,000～￥1,999","￥3,000～￥3,999"
龍記 京橋店,https://tabelog.com/tokyo/A1302/A130202/13172272/,銀座一丁目駅 168m / 居酒屋、中華料理、火鍋,"【京橋駅4分】本格中華をリーズナブルに♪2H食べ飲み放題コース4,380円！コロナ対策◎",3.21,～￥999,"￥3,000～￥3,999"
ピッツェリア ポンテチェントロ 日本橋店,https://tabelog.com/tokyo/A1302/A130202/13250714/,三越前駅 95m / ピザ、イタリアン、パスタ,石窯焼きのナポリ風ピッツァや世界のワインを味わえます,3.45,"￥1,000～￥1,999","￥4,000～￥4,999"
Yakiniku BarBies,https://tabelog.com/tokyo/A1302/A130202/13219732/,三越前駅 162m / 焼肉、ホルモン,限定コース！！【五感で食べる究極の焼肉】三越前徒歩1分◆目利きが選ぶ極上の生肉&極上焼肉,3.56,-,"￥8,000～￥9,999"
近江牛岡喜 日本橋店,https://tabelog.com/tokyo/A1302/A130202/13254440/,日本橋駅 35m / ステーキ,【日本橋駅直結】牧場直営店◆滋賀直送の上質な“近江牛”を活かした肉料理を贅沢に堪能◎個室有,3.42,"￥2,000～￥2,999","￥10,000～￥14,999"
ニホンバシ イチノイチノイチ,https://tabelog.com/tokyo/A1302/A130202/13050975/,日本橋駅 196m / 居酒屋、日本料理、海鮮,特別な空間でおいしい和食を〈会食、二次会、お一人で軽く１杯〉日本橋・三越前・東京 各駅より,3.47,"￥2,000～￥2,999","￥5,000～￥5,999"
個室居酒屋鳥八 八重洲店,https://tabelog.com/tokyo/A1302/A130202/13253686/,日本橋駅 279m / 居酒屋、日本料理、焼き鳥,◆日本橋駅 徒歩2分/東京駅 徒歩4分/八重洲×個室×宴会◆【貸切】20名～81名様予約受付中,3,"￥2,000～￥2,999","￥3,000～￥3,999"
京橋 鮨 好日,https://tabelog.com/tokyo/A1302/A130202/13288676/,京橋駅 57m / 寿司、海鮮、日本料理,【営業再開のお知らせ】,3.14,"￥5,000～￥5,999","￥15,000～￥19,999"
鮨 むとう,https://tabelog.com/tokyo/A1302/A130202/13284188/,日本橋駅 130m / 寿司,米酢の効いたシャリと藤田まぐろをはじめとする新鮮な魚介を日本酒とワインで楽しむ江戸前鮨,3.55,-,"￥30,000～￥39,999"
シロッコ,https://tabelog.com/tokyo/A1302/A130202/13157368/,日本橋駅 62m / スペイン料理、イタリアン、ダイニングバー,夜景を眺めながら楽しめるダイニング、夜は17時から営業中,3.39,"￥1,000～￥1,999","￥4,000～￥4,999"
グリル満天星 麻布十番 日本橋三越店,https://tabelog.com/tokyo/A1302/A130202/13025634/,三越前駅 56m / 洋食、フレンチ、ビストロ,★日本橋三越★夏を堪能【プティコース】がおすすめ！同窓会や歓送迎会のご予約承り中！,3.33,"￥1,000～￥1,999","￥3,000～￥3,999"
炭火焼ホルモン ぐう 日本橋,https://tabelog.com/tokyo/A1302/A130202/13143194/,日本橋駅 316m / 焼肉、ホルモン、居酒屋,【歓送迎会予約受付中】強力ダクトで換気バッチリ！毎日届く新鮮なホルモンでお待ちしております,3.37,-,"￥4,000～￥4,999"
カキ酒場 北海道厚岸 日本橋本店,https://tabelog.com/tokyo/A1302/A130202/13144578/,日本橋駅 202m / 居酒屋、海鮮、郷土料理,【産地直送】 厚岸の 『牡蠣』 食材にとことんこだわる、、自然の恵みをそのまま堪能できるお店！,3.51,"￥1,000～￥1,999","￥5,000～￥5,999"
焼肉 房家 日本橋店,https://tabelog.com/tokyo/A1302/A130202/13117977/,三越前駅 129m / 焼肉、居酒屋、ホルモン,【元祖和牛一頭買い焼肉店】 駅近◆最上級A5ランク黒毛和牛をお手頃価格で！〆は名物盛岡冷麺◎,3.46,"￥1,000～￥1,999","￥4,000～￥4,999"
牛タン みはし,https://tabelog.com/tokyo/A1302/A130202/13305784/,三越前駅 172m / 牛タン、居酒屋、ステーキ,【三越前駅直結】丁寧に焼き上げた“牛タン”と炊き立てご飯が自慢のお店。,3.08,"￥1,000～￥1,999","￥2,000～￥2,999"
近江牛もりしま 寛閑観ここ滋賀店,https://tabelog.com/tokyo/A1302/A130202/13283556/,日本橋駅 71m / 牛料理、ステーキ、すき焼き,東京・日本橋駅すぐ◆滋賀が誇る“近江牛”や地酒をコースで堪能。歓送迎会・貸切宴会も大歓迎◎,3.39,"￥2,000～￥2,999","￥6,000～￥7,999"
ご当地酒場 北海道八雲町 日本橋別館,https://tabelog.com/tokyo/A1302/A130202/13128617/,日本橋駅 189m / 海鮮、居酒屋、日本酒バー,都心にいながら北海道八雲町を味わえる“アンテナショップ型居酒屋”！北海道の食をご堪能下さい,3.43,"￥1,000～￥1,999","￥5,000～￥5,999"
サクレフルール 日本橋,https://tabelog.com/tokyo/A1302/A130202/13231368/,新日本橋駅 167m / ビストロ、ステーキ、ワインバー,コレド室町裏/パリで人気の塊肉ステーキの名店！ワイン豊富な肉ビストロ 【個室/接待/記念日】,3.48,"￥1,000～￥1,999","￥6,000～￥7,999"
代官山ASO チェレステ 日本橋店,https://tabelog.com/tokyo/A1302/A130202/13021095/,三越前駅 61m / イタリアン、パスタ、イノベーティブ,【三越前駅徒歩1分】肩肘はらずに、五感で楽しめるイタリア料理,3.69,"￥4,000～￥4,999","￥8,000～￥9,999"
SALONE VENDREDI,https://tabelog.com/tokyo/A1302/A130202/13224681/,新日本橋駅 81m / カフェ、バー,和モダンな空間で優雅なひと時を楽しめるカフェ&レストラン,3.48,"￥1,000～￥1,999","￥2,000～￥2,999"
GLASS DANCE 八重洲,https://tabelog.com/tokyo/A1302/A130202/13222347/,日本橋駅 309m / スペイン料理、ダイニングバー、ワインバー,【八重洲口3分・個室完備】自慢のパエリアやタパスなどを楽しむカジュアルスペインバル,3.31,-,"￥3,000～￥3,999"
花ごよみ  東京,https://tabelog.com/tokyo/A1302/A130202/13092020/,日本橋駅 322m / 日本料理、しゃぶしゃぶ、ビュッフェ,季節の味覚とお酒が楽しめる本格日本料理店,3.44,"￥1,000～￥1,999","￥8,000～￥9,999"
新世界,https://tabelog.com/tokyo/A1302/A130202/13099828/,宝町駅 162m / 中華料理、居酒屋,"【京橋駅3分】お得なコースは3,980円から！本格的な味をリーズナブルに楽しめる中華料理店",3.29,～￥999,"￥3,000～￥3,999"
ちゃい九炉 八重洲店,https://tabelog.com/tokyo/A1302/A130202/13123313/,日本橋駅 326m / 居酒屋,JR東京駅3分◆北海道仕入の海鮮と本場大阪仕込みの串揚げを多彩なお酒と共に堪能！貸切可,3.06,-,"￥3,000～￥3,999"
東京千鳥屋 八重洲本店,https://tabelog.com/tokyo/A1302/A130202/13289193/,日本橋駅 335m / 居酒屋,【完全個室あり】日本橋駅近の完全個室居酒屋！ 炭火で焼き上げる焼き鳥が美味い店！,3,"￥3,000～￥3,999","￥3,000～￥3,999"
モダン中華181,https://tabelog.com/tokyo/A1302/A130202/13305785/,三越前駅 187m / 中華料理、居酒屋、四川料理,三越前駅直結＆貸切可能◆多彩なバリエーションの「麻婆豆富」「洗練された町中華」のお店。,3.08,"￥1,000～￥1,999","￥2,000～￥2,999"
フランツィスカーナー バー＆グリル 日本橋店,https://tabelog.com/tokyo/A1302/A130202/13023624/,日本橋駅 264m / ドイツ料理、ビアバー、ビアホール,ドイツ・ミュンヘンの樽生ビールとワイン・ドイツ料理の旨い店！,3.4,-,"￥6,000～￥7,999"
バンゲラズキッチントラディショナル,https://tabelog.com/tokyo/A1302/A130202/13290466/,日本橋駅 31m / インド料理、インドカレー、アジア・エスニック,"【個室貸切OK◎半個室多数◎】銀座のミシュラン店""バンゲラズ""による、インド伝統料理専門店",3.41,"￥1,000～￥1,999","￥5,000～￥5,999"
本格四川料理 麻辣先生 日本橋店,https://tabelog.com/tokyo/A1302/A130202/13292107/,新日本橋駅 58m / 四川料理、汁なし担々麺,【新日本橋駅1分】薬膳香辛料を使った身体に優しいこだわりの『本格四川料理』を堪能◆個室あり,3.47,～￥999,"￥4,000～￥4,999"
料理屋 ニチニチコレコウニチ,https://tabelog.com/tokyo/A1302/A130202/13261562/,日本橋駅 144m / 日本料理、水炊き、居酒屋,【日本橋駅直通】日本橋を眺めれるデートにも会食にも‼解放感あるテーブル席、個室もご用意♪,3.41,"￥1,000～￥1,999","￥6,000～￥7,999"
ムロマチカフェハチ,https://tabelog.com/tokyo/A1302/A130202/13182343/,新日本橋駅 60m / ダイニングバー、カフェ、イタリアン,新日本橋、三越前駅直結！団体様大歓迎！,3.47,～￥999,"￥4,000～￥4,999"
東京料理しゃぶしゃぶ うま粋 東京駅前店,https://tabelog.com/tokyo/A1302/A130202/13252666/,日本橋駅 254m / しゃぶしゃぶ、焼肉、居酒屋,【東京駅徒歩1分】美容健康に◎レタスしゃぶしゃぶ/夜景を楽しめる店内/食べ放題・飲み放題有,3,"￥1,000～￥1,999","￥4,000～￥4,999"
殿,https://tabelog.com/tokyo/A1302/A130202/13210408/,三越前駅 116m / 居酒屋、日本酒バー、日本料理,三越前2分◆ビール・ハイボール199円！豊洲直送の新鮮な魚料理や串焼きを堪能◆フロア貸切◎,3.14,～￥999,"￥2,000～￥2,999"
華龍飯店 京橋本店,https://tabelog.com/tokyo/A1302/A130202/13042631/,宝町駅 192m / 中華料理、居酒屋、海鮮,■歓送迎会承ります■1998年から愛される伝統の味。飲み放題付きコース3980円~♪,3.44,～￥999,"￥4,000～￥4,999"
鮨　日本橋　鰤門,https://tabelog.com/tokyo/A1302/A130202/13116806/,三越前駅 130m / 寿司,ご会食、ご接待等に各種個室もご用意しております。,3.62,"￥8,000～￥9,999","￥20,000～￥29,999"
まぐろ人別庵 日本橋店,https://tabelog.com/tokyo/A1302/A130202/13222464/,日本橋駅 45m / 寿司、海鮮、居酒屋,【日本橋駅徒歩1分】歓送迎会受付中◆木を基調とした店内｜生本まぐろや豊洲直送鮮魚を熟年技で,3.3,"￥1,000～￥1,999","￥4,000～￥4,999"
ビストロ　ガール・ド・リヨン,https://tabelog.com/tokyo/A1302/A130202/13040139/,宝町駅 158m / ビストロ、居酒屋、バル,宝町徒歩3分、八丁堀徒歩5分。八丁堀に佇む自然派ワイン中心のワインビストロ。,3.6,-,"￥6,000～￥7,999"
魚々十 日本橋,https://tabelog.com/tokyo/A1302/A130202/13155463/,日本橋駅 151m / 居酒屋,日本橋駅1分◆大ぶりで新鮮な牡蠣料理や旬の鮮魚を、全国各地の日本酒と共に楽しむ◎コースあり,3.37,"￥1,000～￥1,999","￥5,000～￥5,999"
豚バルBYO-塊- 八重洲店,https://tabelog.com/tokyo/A1302/A130202/13127699/,日本橋駅 368m / ダイニングバー、居酒屋、肉バル,東京駅八重洲口・日本橋駅5分！全席喫煙可◎肉塊◎《牡蠣や松坂豚の一皿19時まで100円！》,3.4,～￥999,"￥4,000～￥4,999"
てけてけ 日本橋三越前店,https://tabelog.com/tokyo/A1302/A130202/13187663/,三越前駅 191m / 居酒屋、焼き鳥、食堂,"鮮度・美味しさにこだわった鳥料理を平均予算2,500円で楽しめる居酒屋",3.07,～￥999,"￥2,000～￥2,999"
マザーインディア 三越前店,https://tabelog.com/tokyo/A1302/A130202/13253179/,新日本橋駅 177m / インド料理、インドカレー、アジア・エスニック,コレド室町テラス1F◆スパイスにこだわる本格インド料理店。お買い物の途中にお立ち寄り下さい,3.43,～￥999,"￥2,000～￥2,999"
個室会席 北大路 八重洲茶寮,https://tabelog.com/tokyo/A1302/A130202/13095999/,京橋駅 256m / 日本料理、すき焼き,全席完全個室のおもてなし、四季折々の日本料理 ご接待ご会食、歓迎会、送別会、お祝い顔合せに,3.26,"￥3,000～￥3,999","￥10,000～￥14,999"
麹蔵 八重洲一丁目店,https://tabelog.com/tokyo/A1302/A130202/13044641/,日本橋駅 259m / 居酒屋、沖縄料理、豚しゃぶ,【 日本橋駅 徒歩1分】奄美・鹿児島・沖縄料理が味わえる専門店◎個室●ランチ会食,3.33,"￥1,000～￥1,999","￥4,000～￥4,999"
洋食 麦星 by グリル満天星 麻布十番 日本橋髙島屋店,https://tabelog.com/tokyo/A1302/A130202/13061065/,日本橋駅 219m / 洋食、フレンチ、ビストロ,★日本橋駅＆高島屋★同窓会や歓送迎会など初夏のお祝いに！ワイン片手に本格洋食をぜひどうぞ,3.26,"￥1,000～￥1,999","￥2,000～￥2,999"
Suolo日本橋,https://tabelog.com/tokyo/A1302/A130202/13101047/,新日本橋駅 275m / イタリアン、ワインバー、ピザ,1月より店名変更を伴うリニューアルになります。中身は特に変わりませんのでお気軽に笑,3.43,"￥1,000～￥1,999","￥6,000～￥7,999"
東京 まんまる,https://tabelog.com/tokyo/A1302/A130202/13209804/,宝町駅 100m / 居酒屋、日本料理、もつ焼き,"京橋駅・宝町駅1分◆こだわりの和食を約20種の日本酒と共に◎飲み放題付コース4,000円～",3.06,-,"￥3,000～￥3,999"
タイレストラン 沌 コレド日本橋店,https://tabelog.com/tokyo/A1302/A130202/13108338/,日本橋駅 48m / タイ料理、アジア・エスニック、ダイニングバー,【日本橋駅直結1分】ビジネス街で楽しむ「甘・辛・酸」の本格タイ料理♪女性お一人様も大歓迎！,3.48,"￥1,000～￥1,999","￥3,000～￥3,999"
焼鳥IPPON⁺ Tokyo,https://tabelog.com/tokyo/A1302/A130202/13309706/,宝町駅 124m / 居酒屋、焼き鳥、ビュッフェ,【京橋駅 徒歩3分】7月OPEN！『焼鳥×酒肴細巻き』自由で粋な大人の居酒屋,,"￥1,000～￥1,999","￥5,000～￥5,999"
熟成魚場 福井県美浜町 日本橋本店,https://tabelog.com/tokyo/A1302/A130202/13183978/,日本橋駅 31m / 居酒屋、海鮮、郷土料理,◇日本橋駅徒歩1分＊駅直結◇2Ｈ飲み放題付コース<全9品>5500円～◇宴会12名様迄可◎,3.44,"￥1,000～￥1,999","￥5,000～￥5,999"
むろまち鳥や,https://tabelog.com/tokyo/A1302/A130202/13308952/,三越前駅 152m / 焼き鳥、鳥料理、居酒屋,★６/１１より新店オープン★三越前駅1分・新鮮な百日雛の炭火焼き鳥が味わえる隠れ家空間,3.04,"￥1,000～￥1,999","￥6,000～￥7,999"
鳥かく,https://tabelog.com/tokyo/A1302/A130202/13274531/,日本橋駅 103m / 焼き鳥、親子丼、そば,【日本橋駅直結】熟練の職人が厳選した本格焼鳥を日本酒やワインと共に。,3.38,"￥1,000～￥1,999","￥5,000～￥5,999"
酒処 ミヤノカラス,https://tabelog.com/tokyo/A1302/A130202/13275572/,新日本橋駅 111m / 居酒屋、肉バル、焼酎バー,新日本橋駅1分◆居酒屋創作料理を様々なお酒とともに堪能。完全個室で接待にも,3.31,～￥999,"￥4,000～￥4,999"
韓豚屋 八重洲店,https://tabelog.com/tokyo/A1302/A130202/13133710/,日本橋駅 289m / 韓国料理、焼肉、居酒屋,歓送迎会ご予約受付中です。！！！,3.16,～￥999,"￥4,000～￥4,999"
個室×日本酒バル 魚の目利き 八重洲店,https://tabelog.com/tokyo/A1302/A130202/13186924/,東京駅 349m / 居酒屋、海鮮、しゃぶしゃぶ,【全コース 獺祭含む銘柄日本酒20種飲み放題付き】十四代や新政、鍋島など常備全40種以上！,3.12,"￥3,000～￥3,999","￥4,000～￥4,999"
うどん酒場やま福,https://tabelog.com/tokyo/A1302/A130202/13263647/,日本橋駅 150m / 居酒屋、串揚げ,【日本橋駅直結！徒歩10秒】希少銘柄含む日本酒約30種類の飲み放題がお1人様1500円,3.39,～￥999,"￥2,000～￥2,999"
土佐料理 祢保希 日本橋店,https://tabelog.com/tokyo/A1302/A130202/13001323/,三越前駅 186m / 日本料理、しゃぶしゃぶ、居酒屋,【完全個室：2名様～】【ホール席貸切～26名様◎】 銀座線「三越前駅」直結。ご予約承ります！,3.38,"￥1,000～￥1,999","￥8,000～￥9,999"
イルキャンティ 日本橋店,https://tabelog.com/tokyo/A1302/A130202/13024471/,三越前駅 93m / イタリアン、パスタ、ピザ,食でも最先端をいくこの地で「イルキャンティ日本橋」建て替えが終わり再登場！,3.34,"￥1,000～￥1,999","￥3,000～￥3,999"
XEX 日本橋 Salvatore Cuomo Bros.,https://tabelog.com/tokyo/A1302/A130202/13116792/,新日本橋駅 177m / イタリアン、ピザ、ステーキ,【三越前駅直結】国内外で活躍中のサルヴァトーレ・クオモがグランシェフをつとめるリストランテ,3.45,"￥4,000～￥4,999","￥6,000～￥7,999"
日本橋 竹田,https://tabelog.com/tokyo/A1302/A130202/13271291/,日本橋駅 309m / 居酒屋、日本料理、日本酒バー,東京駅八重洲北口3分◆全国の多彩な日本酒と茨城県の郷土料理が味わえる和風居酒屋。半個室あり,3.24,-,"￥6,000～￥7,999"
